{"inputs": {"user_id": ["dV9leGFtcGxlXzAwMQ==\n"], "about_embedding": [[0.08422458171844482, -0.8609037399291992, 0.37812304496765137, -0.005196273792535067, -0.4945319592952728, 0.6178191900253296, -0.3308204710483551, -0.001384080620482564, -0.4237340986728668, -1.3872087001800537, -1.5488190650939941, -0.5319839119911194, -0.44756433367729187, -2.0115814208984375, -0.5792601108551025, 0.5793892741203308, 1.3041967153549194, 0.677202582359314, -0.745876133441925, 1.0378963947296143, 1.3820478916168213, 1.4319170713424683, -0.3764311671257019, 0.9815847277641296, -0.2359786182641983, -0.33763259649276733, -0.8959324955940247, 0.42754071950912476, -0.38105517625808716, 0.47006991505622864, 0.03541377931833267, -2.9272758960723877, -0.9670700430870056, -0.4140270948410034, -0.4013758599758148, 0.6232876777648926, -0.9364886283874512, 0.9544938802719116, 0.49025389552116394, -0.9980484247207642, -1.1686406135559082, -0.6789728999137878, 1.73310387134552, 0.7864301800727844, 0.09223701804876328, 0.2271178960800171, -0.09189611673355103, 1.1224976778030396, -0.9173234105110168, 0.8054100871086121, 1.1766098737716675, 1.343347430229187, -1.3179817199707031, -0.5973675847053528, -1.6903349161148071, 0.7485348582267761, -0.4122430086135864, 0.8195549845695496, -1.447232723236084, 0.8755947351455688, -2.3431015014648438, 0.7729855179786682, 0.4784071445465088, 0.3794236481189728]], "headline_embedding": [[-0.5590973496437073, -0.5347213745117188, 2.373033285140991, -1.572593092918396, 0.8055055737495422, -0.8338769674301147, 0.30611222982406616, 2.266049385070801, 0.2856414020061493, -1.5536155700683594, 0.37975531816482544, 0.7664625644683838, 0.3611479103565216, 0.09653294831514359, 0.21695560216903687, -0.8144070506095886, -0.23623597621917725, 0.4966970384120941, -1.7737728357315063, 0.2088671177625656, 1.00221586227417, -0.12915265560150146, 0.16589078307151794, 0.47333529591560364, -0.8340510129928589, 1.0130809545516968, 0.41076526045799255, 0.5531744956970215, 1.7808595895767212, -0.32775411009788513, 0.9474484920501709, 0.979510486125946, -0.46425047516822815, 1.3030935525894165, -0.24370236694812775, 0.669292151927948, 0.39855948090553284, -2.4770667552948, -0.3692292869091034, -0.8428784012794495, 1.888983130455017, -0.619892418384552, 1.0777894258499146, 1.0240267515182495, 0.2634093463420868, -0.9011545181274414, 0.8177133202552795, -0.2773060202598572, 1.1863394975662231, -0.11432810872793198, -0.8119117617607117, -0.13922756910324097, 1.8237974643707275, 0.09685094654560089, -0.11751780658960342, 0.6549800634384155, 0.8112673759460449, -0.20581378042697906, 0.34243056178092957, 1.0400137901306152, 0.5152446031570435, -1.7396942377090454, -1.2522300481796265, 1.2125494480133057]]}}